Timestep,StratumID,StateClassID,TransitionGroupID,Amount
1986,Sandy and Deep Sand,Low Shrub:All,Shrub in-filling [Type],0.0184154294861039
1986,Sandy and Deep Sand,Shrubland:All,Shrub decline [Type],0.240867546507652
1987,Sandy and Deep Sand,Low Shrub:All,Shrub in-filling [Type],0.0371106425393
1987,Sandy and Deep Sand,Shrubland:All,Shrub decline [Type],0.137082580760633
1988,Sandy and Deep Sand,Low Shrub:All,Shrub in-filling [Type],0.0167102942748105
1988,Sandy and Deep Sand,Shrubland:All,Shrub decline [Type],0.265137998690837
1989,Sandy and Deep Sand,Low Shrub:All,Shrub in-filling [Type],0.0132005165187342
1989,Sandy and Deep Sand,Shrubland:All,Shrub decline [Type],0.25179043534682
1990,Sandy and Deep Sand,Low Shrub:All,Shrub in-filling [Type],0.0142160693684641
1990,Sandy and Deep Sand,Shrubland:All,Shrub decline [Type],0.148194022766689
1991,Sandy and Deep Sand,Low Shrub:All,Shrub in-filling [Type],0.037590365523044
1991,Sandy and Deep Sand,Shrubland:All,Shrub decline [Type],0.100520286390332
1992,Sandy and Deep Sand,Low Shrub:All,Shrub in-filling [Type],0.0632100299361132
1992,Sandy and Deep Sand,Shrubland:All,Shrub decline [Type],0.139694704730514
1993,Sandy and Deep Sand,Low Shrub:All,Shrub in-filling [Type],0.0363941358600533
1993,Sandy and Deep Sand,Shrubland:All,Shrub decline [Type],0.204465684002097
1994,Sandy and Deep Sand,Low Shrub:All,Shrub in-filling [Type],0.0196409874807688
1994,Sandy and Deep Sand,Shrubland:All,Shrub decline [Type],0.239991245326125
1995,Sandy and Deep Sand,Low Shrub:All,Shrub in-filling [Type],0.0363078295897886
1995,Sandy and Deep Sand,Shrubland:All,Shrub decline [Type],0.102953777988737
1996,Sandy and Deep Sand,Low Shrub:All,Shrub in-filling [Type],0.0236570801742507
1996,Sandy and Deep Sand,Shrubland:All,Shrub decline [Type],0.171290632561622
1997,Sandy and Deep Sand,Low Shrub:All,Shrub in-filling [Type],0.0161190375723392
1997,Sandy and Deep Sand,Shrubland:All,Shrub decline [Type],0.14036693737578
1998,Sandy and Deep Sand,Low Shrub:All,Shrub in-filling [Type],0.0142317662020845
1998,Sandy and Deep Sand,Shrubland:All,Shrub decline [Type],0.0995859471696516
1999,Sandy and Deep Sand,Low Shrub:All,Shrub in-filling [Type],0.016112373622187
1999,Sandy and Deep Sand,Shrubland:All,Shrub decline [Type],0.0547494074586187
2000,Sandy and Deep Sand,Low Shrub:All,Shrub in-filling [Type],0.010953838956241
2000,Sandy and Deep Sand,Shrubland:All,Shrub decline [Type],0.0669126127652853
2001,Sandy and Deep Sand,Low Shrub:All,Shrub in-filling [Type],0.0119847106114546
2001,Sandy and Deep Sand,Shrubland:All,Shrub decline [Type],0.0783363211318604
2002,Sandy and Deep Sand,Low Shrub:All,Shrub in-filling [Type],0.00926027648532759
2002,Sandy and Deep Sand,Shrubland:All,Shrub decline [Type],0.0620271250284131
2003,Sandy and Deep Sand,Low Shrub:All,Shrub in-filling [Type],0.0105496243027184
2003,Sandy and Deep Sand,Shrubland:All,Shrub decline [Type],0.0660765759305712
2004,Sandy and Deep Sand,Low Shrub:All,Shrub in-filling [Type],0.0056729770576817
2004,Sandy and Deep Sand,Shrubland:All,Shrub decline [Type],0.153519072145623
2005,Sandy and Deep Sand,Low Shrub:All,Shrub in-filling [Type],0.0089872044190194
2005,Sandy and Deep Sand,Shrubland:All,Shrub decline [Type],0.323664136767863
2006,Sandy and Deep Sand,Low Shrub:All,Shrub in-filling [Type],0.0293461864883456
2006,Sandy and Deep Sand,Shrubland:All,Shrub decline [Type],0.131594622385422
2007,Sandy and Deep Sand,Low Shrub:All,Shrub in-filling [Type],0.0336639345028112
2007,Sandy and Deep Sand,Shrubland:All,Shrub decline [Type],0.186494391057225
2008,Sandy and Deep Sand,Low Shrub:All,Shrub in-filling [Type],0.034271190034054
2008,Sandy and Deep Sand,Shrubland:All,Shrub decline [Type],0.138631395459613
2009,Sandy and Deep Sand,Low Shrub:All,Shrub in-filling [Type],0.0236567241593553
2009,Sandy and Deep Sand,Shrubland:All,Shrub decline [Type],0.0620060608980315
2010,Sandy and Deep Sand,Low Shrub:All,Shrub in-filling [Type],0.0173808867133378
2010,Sandy and Deep Sand,Shrubland:All,Shrub decline [Type],0.0294654096882468
2011,Sandy and Deep Sand,Low Shrub:All,Shrub in-filling [Type],0.00784153163760975
2011,Sandy and Deep Sand,Shrubland:All,Shrub decline [Type],0.0535387177027066
2013,Sandy and Deep Sand,Low Shrub:All,Shrub in-filling [Type],0.00833517330756289
2013,Sandy and Deep Sand,Shrubland:All,Shrub decline [Type],0.0464146648342993
2014,Sandy and Deep Sand,Low Shrub:All,Shrub in-filling [Type],0.0147004980443211
2014,Sandy and Deep Sand,Shrubland:All,Shrub decline [Type],0.0463394947863969
2015,Sandy and Deep Sand,Low Shrub:All,Shrub in-filling [Type],0.0153188202059247
2015,Sandy and Deep Sand,Shrubland:All,Shrub decline [Type],0.0180543536293165
2016,Sandy and Deep Sand,Low Shrub:All,Shrub in-filling [Type],6.98966200487371e-4
2016,Sandy and Deep Sand,Shrubland:All,Shrub decline [Type],0.00437406934694746
2017,Sandy and Deep Sand,Low Shrub:All,Shrub in-filling [Type],9.82270316212017e-4
2017,Sandy and Deep Sand,Shrubland:All,Shrub decline [Type],0.00278496628942716
2018,Sandy and Deep Sand,Low Shrub:All,Shrub in-filling [Type],8.37385658046055e-4
2018,Sandy and Deep Sand,Shrubland:All,Shrub decline [Type],0.0172407480395514
2019,Sandy and Deep Sand,Low Shrub:All,Shrub in-filling [Type],0.00263578031724323
2019,Sandy and Deep Sand,Shrubland:All,Shrub decline [Type],0.0319280504883328
2020,Sandy and Deep Sand,Low Shrub:All,Shrub in-filling [Type],0.0160905113102948
2020,Sandy and Deep Sand,Shrubland:All,Shrub decline [Type],0.0357710501524338
1986,Loamy-Clayey,Low Shrub:All,Shrub in-filling [Type],0.0184251224746853
1986,Loamy-Clayey,Shrubland:All,Shrub decline [Type],0.370723190309551
1987,Loamy-Clayey,Low Shrub:All,Shrub in-filling [Type],0.0416489992355386
1987,Loamy-Clayey,Shrubland:All,Shrub decline [Type],0.199478193068565
1988,Loamy-Clayey,Low Shrub:All,Shrub in-filling [Type],0.016434888091141
1988,Loamy-Clayey,Shrubland:All,Shrub decline [Type],0.360975791597971
1989,Loamy-Clayey,Low Shrub:All,Shrub in-filling [Type],0.00976319675333731
1989,Loamy-Clayey,Shrubland:All,Shrub decline [Type],0.314405883878059
1990,Loamy-Clayey,Low Shrub:All,Shrub in-filling [Type],0.011063883038226
1990,Loamy-Clayey,Shrubland:All,Shrub decline [Type],0.153382245502986
1991,Loamy-Clayey,Low Shrub:All,Shrub in-filling [Type],0.0400372705179676
1991,Loamy-Clayey,Shrubland:All,Shrub decline [Type],0.126513356693952
1992,Loamy-Clayey,Low Shrub:All,Shrub in-filling [Type],0.0890159617440321
1992,Loamy-Clayey,Shrubland:All,Shrub decline [Type],0.158726679282696
1993,Loamy-Clayey,Low Shrub:All,Shrub in-filling [Type],0.0456029096119191
1993,Loamy-Clayey,Shrubland:All,Shrub decline [Type],0.305526381415513
1994,Loamy-Clayey,Low Shrub:All,Shrub in-filling [Type],0.0298758698688267
1994,Loamy-Clayey,Shrubland:All,Shrub decline [Type],0.290257172265948
1995,Loamy-Clayey,Low Shrub:All,Shrub in-filling [Type],0.0499236395418373
1995,Loamy-Clayey,Shrubland:All,Shrub decline [Type],0.159843939436451
1996,Loamy-Clayey,Low Shrub:All,Shrub in-filling [Type],0.0187390894769646
1996,Loamy-Clayey,Shrubland:All,Shrub decline [Type],0.335345144612456
1997,Loamy-Clayey,Low Shrub:All,Shrub in-filling [Type],0.0152872448675847
1997,Loamy-Clayey,Shrubland:All,Shrub decline [Type],0.11380538467286
1998,Loamy-Clayey,Low Shrub:All,Shrub in-filling [Type],0.0113840541202596
1998,Loamy-Clayey,Shrubland:All,Shrub decline [Type],0.0944756697721809
1999,Loamy-Clayey,Low Shrub:All,Shrub in-filling [Type],0.0111145390735953
1999,Loamy-Clayey,Shrubland:All,Shrub decline [Type],0.0568150004553565
2000,Loamy-Clayey,Low Shrub:All,Shrub in-filling [Type],0.00918327323756808
2000,Loamy-Clayey,Shrubland:All,Shrub decline [Type],0.0625491550686811
2001,Loamy-Clayey,Low Shrub:All,Shrub in-filling [Type],0.00929065665744467
2001,Loamy-Clayey,Shrubland:All,Shrub decline [Type],0.0840343052269535
2002,Loamy-Clayey,Low Shrub:All,Shrub in-filling [Type],0.00866462507982232
2002,Loamy-Clayey,Shrubland:All,Shrub decline [Type],0.0755546826344089
2003,Loamy-Clayey,Low Shrub:All,Shrub in-filling [Type],0.0101440411317953
2003,Loamy-Clayey,Shrubland:All,Shrub decline [Type],0.0590715935806317
2004,Loamy-Clayey,Low Shrub:All,Shrub in-filling [Type],0.0065646294822849
2004,Loamy-Clayey,Shrubland:All,Shrub decline [Type],0.117085422914409
2005,Loamy-Clayey,Low Shrub:All,Shrub in-filling [Type],0.00996429927658121
2005,Loamy-Clayey,Shrubland:All,Shrub decline [Type],0.38609116182092
2006,Loamy-Clayey,Low Shrub:All,Shrub in-filling [Type],0.0223721502805118
2006,Loamy-Clayey,Shrubland:All,Shrub decline [Type],0.152978114080029
2007,Loamy-Clayey,Low Shrub:All,Shrub in-filling [Type],0.0291962112571824
2007,Loamy-Clayey,Shrubland:All,Shrub decline [Type],0.20739275242677
2008,Loamy-Clayey,Low Shrub:All,Shrub in-filling [Type],0.0364577040616893
2008,Loamy-Clayey,Shrubland:All,Shrub decline [Type],0.170749489332606
2009,Loamy-Clayey,Low Shrub:All,Shrub in-filling [Type],0.0210258702703942
2009,Loamy-Clayey,Shrubland:All,Shrub decline [Type],0.0645268269572427
2010,Loamy-Clayey,Low Shrub:All,Shrub in-filling [Type],0.0141968891563797
2010,Loamy-Clayey,Shrubland:All,Shrub decline [Type],0.0379334507822029
2011,Loamy-Clayey,Low Shrub:All,Shrub in-filling [Type],0.00933728090929762
2011,Loamy-Clayey,Shrubland:All,Shrub decline [Type],0.0664507487901288
2013,Loamy-Clayey,Low Shrub:All,Shrub in-filling [Type],0.00634504811211098
2013,Loamy-Clayey,Shrubland:All,Shrub decline [Type],0.0456347003835203
2014,Loamy-Clayey,Low Shrub:All,Shrub in-filling [Type],0.01046512714552
2014,Loamy-Clayey,Shrubland:All,Shrub decline [Type],0.0353768992569422
2015,Loamy-Clayey,Low Shrub:All,Shrub in-filling [Type],0.0109704999069113
2015,Loamy-Clayey,Shrubland:All,Shrub decline [Type],0.00883774866141924
2016,Loamy-Clayey,Low Shrub:All,Shrub in-filling [Type],6.62795506611669e-4
2016,Loamy-Clayey,Shrubland:All,Shrub decline [Type],0.00241791695093076
2017,Loamy-Clayey,Low Shrub:All,Shrub in-filling [Type],5.84764982286587e-4
2017,Loamy-Clayey,Shrubland:All,Shrub decline [Type],0.00261912360975344
2018,Loamy-Clayey,Low Shrub:All,Shrub in-filling [Type],5.8123090637962e-4
2018,Loamy-Clayey,Shrubland:All,Shrub decline [Type],0.0202790442249058
2019,Loamy-Clayey,Low Shrub:All,Shrub in-filling [Type],0.00305526547028233
2019,Loamy-Clayey,Shrubland:All,Shrub decline [Type],0.0278170955414383
2020,Loamy-Clayey,Low Shrub:All,Shrub in-filling [Type],0.018141909647744
2020,Loamy-Clayey,Shrubland:All,Shrub decline [Type],0.0396654371747245
1986,Gravelly and Calcic,Low Shrub:All,Shrub in-filling [Type],0.0375556187899652
1986,Gravelly and Calcic,Shrubland:All,Shrub decline [Type],0.203747868105095
1987,Gravelly and Calcic,Low Shrub:All,Shrub in-filling [Type],0.0402135211686231
1987,Gravelly and Calcic,Shrubland:All,Shrub decline [Type],0.0973408157031666
1988,Gravelly and Calcic,Low Shrub:All,Shrub in-filling [Type],0.0178979696896083
1988,Gravelly and Calcic,Shrubland:All,Shrub decline [Type],0.152922188498563
1989,Gravelly and Calcic,Low Shrub:All,Shrub in-filling [Type],0.0148566768215324
1989,Gravelly and Calcic,Shrubland:All,Shrub decline [Type],0.14184173966506
1990,Gravelly and Calcic,Low Shrub:All,Shrub in-filling [Type],0.0201280081239373
1990,Gravelly and Calcic,Shrubland:All,Shrub decline [Type],0.0824405790613675
1991,Gravelly and Calcic,Low Shrub:All,Shrub in-filling [Type],0.0281970939412486
1991,Gravelly and Calcic,Shrubland:All,Shrub decline [Type],0.0878151344797232
1992,Gravelly and Calcic,Low Shrub:All,Shrub in-filling [Type],0.0598223861680691
1992,Gravelly and Calcic,Shrubland:All,Shrub decline [Type],0.0731378110844332
1993,Gravelly and Calcic,Low Shrub:All,Shrub in-filling [Type],0.0216569689852133
1993,Gravelly and Calcic,Shrubland:All,Shrub decline [Type],0.188953827525643
1994,Gravelly and Calcic,Low Shrub:All,Shrub in-filling [Type],0.0161721058774389
1994,Gravelly and Calcic,Shrubland:All,Shrub decline [Type],0.189369101374177
1995,Gravelly and Calcic,Low Shrub:All,Shrub in-filling [Type],0.0366730651591537
1995,Gravelly and Calcic,Shrubland:All,Shrub decline [Type],0.060176874540709
1996,Gravelly and Calcic,Low Shrub:All,Shrub in-filling [Type],0.0173176047175072
1996,Gravelly and Calcic,Shrubland:All,Shrub decline [Type],0.12459395771847
1997,Gravelly and Calcic,Low Shrub:All,Shrub in-filling [Type],0.0166709805541087
1997,Gravelly and Calcic,Shrubland:All,Shrub decline [Type],0.0700712463852021
1998,Gravelly and Calcic,Low Shrub:All,Shrub in-filling [Type],0.014880949184724
1998,Gravelly and Calcic,Shrubland:All,Shrub decline [Type],0.111959646891213
1999,Gravelly and Calcic,Low Shrub:All,Shrub in-filling [Type],0.0222929668403858
1999,Gravelly and Calcic,Shrubland:All,Shrub decline [Type],0.0548499783700792
2000,Gravelly and Calcic,Low Shrub:All,Shrub in-filling [Type],0.00952097846735027
2000,Gravelly and Calcic,Shrubland:All,Shrub decline [Type],0.046970749137201
2001,Gravelly and Calcic,Low Shrub:All,Shrub in-filling [Type],0.00951024903667991
2001,Gravelly and Calcic,Shrubland:All,Shrub decline [Type],0.065518101368044
2002,Gravelly and Calcic,Low Shrub:All,Shrub in-filling [Type],0.00785533373461387
2002,Gravelly and Calcic,Shrubland:All,Shrub decline [Type],0.0855684232535205
2003,Gravelly and Calcic,Low Shrub:All,Shrub in-filling [Type],0.0162672902489525
2003,Gravelly and Calcic,Shrubland:All,Shrub decline [Type],0.0514158883054937
2004,Gravelly and Calcic,Low Shrub:All,Shrub in-filling [Type],0.0137789312676201
2004,Gravelly and Calcic,Shrubland:All,Shrub decline [Type],0.104185395413247
2005,Gravelly and Calcic,Low Shrub:All,Shrub in-filling [Type],0.0288566215966076
2005,Gravelly and Calcic,Shrubland:All,Shrub decline [Type],0.169678703850197
2006,Gravelly and Calcic,Low Shrub:All,Shrub in-filling [Type],0.0327354050301498
2006,Gravelly and Calcic,Shrubland:All,Shrub decline [Type],0.143289793298434
2007,Gravelly and Calcic,Low Shrub:All,Shrub in-filling [Type],0.0394497337439961
2007,Gravelly and Calcic,Shrubland:All,Shrub decline [Type],0.0801396738882829
2008,Gravelly and Calcic,Low Shrub:All,Shrub in-filling [Type],0.0213916019990977
2008,Gravelly and Calcic,Shrubland:All,Shrub decline [Type],0.105057887700347
2009,Gravelly and Calcic,Low Shrub:All,Shrub in-filling [Type],0.0120322339646677
2009,Gravelly and Calcic,Shrubland:All,Shrub decline [Type],0.0578926052146596
2010,Gravelly and Calcic,Low Shrub:All,Shrub in-filling [Type],0.0153236573384938
2010,Gravelly and Calcic,Shrubland:All,Shrub decline [Type],0.0329724149200785
2011,Gravelly and Calcic,Low Shrub:All,Shrub in-filling [Type],0.00753941100050344
2011,Gravelly and Calcic,Shrubland:All,Shrub decline [Type],0.0737599921199934
2013,Gravelly and Calcic,Low Shrub:All,Shrub in-filling [Type],0.010082421208446
2013,Gravelly and Calcic,Shrubland:All,Shrub decline [Type],0.0505054192373921
2014,Gravelly and Calcic,Low Shrub:All,Shrub in-filling [Type],0.0182170034878944
2014,Gravelly and Calcic,Shrubland:All,Shrub decline [Type],0.0205612694340556
2015,Gravelly and Calcic,Low Shrub:All,Shrub in-filling [Type],0.00881123511907191
2015,Gravelly and Calcic,Shrubland:All,Shrub decline [Type],0.0105991873728848
2016,Gravelly and Calcic,Low Shrub:All,Shrub in-filling [Type],0.00107596499820434
2016,Gravelly and Calcic,Shrubland:All,Shrub decline [Type],0.00265307615401497
2017,Gravelly and Calcic,Low Shrub:All,Shrub in-filling [Type],4.86534264167296e-4
2017,Gravelly and Calcic,Shrubland:All,Shrub decline [Type],0.00142876365026982
2018,Gravelly and Calcic,Low Shrub:All,Shrub in-filling [Type],6.58476668211513e-4
2018,Gravelly and Calcic,Shrubland:All,Shrub decline [Type],0.0100690691873034
2019,Gravelly and Calcic,Low Shrub:All,Shrub in-filling [Type],0.00284258386887317
2019,Gravelly and Calcic,Shrubland:All,Shrub decline [Type],0.0275490270797149
2020,Gravelly and Calcic,Low Shrub:All,Shrub in-filling [Type],0.011984638481656
2020,Gravelly and Calcic,Shrubland:All,Shrub decline [Type],0.0349824014551693
1986,Bedrock and Colluvium,Low Shrub:All,Shrub in-filling [Type],0.0383827497240975
1986,Bedrock and Colluvium,Shrubland:All,Shrub decline [Type],0.134340748970711
1987,Bedrock and Colluvium,Low Shrub:All,Shrub in-filling [Type],0.0448814082368671
1987,Bedrock and Colluvium,Shrubland:All,Shrub decline [Type],0.0708053164709103
1988,Bedrock and Colluvium,Low Shrub:All,Shrub in-filling [Type],0.023793030308751
1988,Bedrock and Colluvium,Shrubland:All,Shrub decline [Type],0.089020170561896
1989,Bedrock and Colluvium,Low Shrub:All,Shrub in-filling [Type],0.0230278899839303
1989,Bedrock and Colluvium,Shrubland:All,Shrub decline [Type],0.0688553180538954
1990,Bedrock and Colluvium,Low Shrub:All,Shrub in-filling [Type],0.0293511968604766
1990,Bedrock and Colluvium,Shrubland:All,Shrub decline [Type],0.0532150942529588
1991,Bedrock and Colluvium,Low Shrub:All,Shrub in-filling [Type],0.0392799389844624
1991,Bedrock and Colluvium,Shrubland:All,Shrub decline [Type],0.0610309819102975
1992,Bedrock and Colluvium,Low Shrub:All,Shrub in-filling [Type],0.0591261698548521
1992,Bedrock and Colluvium,Shrubland:All,Shrub decline [Type],0.0618354143742499
1993,Bedrock and Colluvium,Low Shrub:All,Shrub in-filling [Type],0.0346724918125744
1993,Bedrock and Colluvium,Shrubland:All,Shrub decline [Type],0.0959443522756801
1994,Bedrock and Colluvium,Low Shrub:All,Shrub in-filling [Type],0.0243031704712542
1994,Bedrock and Colluvium,Shrubland:All,Shrub decline [Type],0.133480402908772
1995,Bedrock and Colluvium,Low Shrub:All,Shrub in-filling [Type],0.0556715904911791
1995,Bedrock and Colluvium,Shrubland:All,Shrub decline [Type],0.0468403409227559
1996,Bedrock and Colluvium,Low Shrub:All,Shrub in-filling [Type],0.0237476985837036
1996,Bedrock and Colluvium,Shrubland:All,Shrub decline [Type],0.109419045779542
1997,Bedrock and Colluvium,Low Shrub:All,Shrub in-filling [Type],0.0288368176279577
1997,Bedrock and Colluvium,Shrubland:All,Shrub decline [Type],0.0567532029995903
1998,Bedrock and Colluvium,Low Shrub:All,Shrub in-filling [Type],0.0257585419502792
1998,Bedrock and Colluvium,Shrubland:All,Shrub decline [Type],0.0749991635082418
1999,Bedrock and Colluvium,Low Shrub:All,Shrub in-filling [Type],0.0301445150588806
1999,Bedrock and Colluvium,Shrubland:All,Shrub decline [Type],0.0616867823793747
2000,Bedrock and Colluvium,Low Shrub:All,Shrub in-filling [Type],0.0117298187668583
2000,Bedrock and Colluvium,Shrubland:All,Shrub decline [Type],0.0416834354642176
2001,Bedrock and Colluvium,Low Shrub:All,Shrub in-filling [Type],0.0161373775905405
2001,Bedrock and Colluvium,Shrubland:All,Shrub decline [Type],0.0508053919898779
2002,Bedrock and Colluvium,Low Shrub:All,Shrub in-filling [Type],0.0121870109832292
2002,Bedrock and Colluvium,Shrubland:All,Shrub decline [Type],0.047962969762486
2003,Bedrock and Colluvium,Low Shrub:All,Shrub in-filling [Type],0.0128810434599354
2003,Bedrock and Colluvium,Shrubland:All,Shrub decline [Type],0.0398390126629096
2004,Bedrock and Colluvium,Low Shrub:All,Shrub in-filling [Type],0.0274845001576888
2004,Bedrock and Colluvium,Shrubland:All,Shrub decline [Type],0.0444266007257174
2005,Bedrock and Colluvium,Low Shrub:All,Shrub in-filling [Type],0.0685036052387246
2005,Bedrock and Colluvium,Shrubland:All,Shrub decline [Type],0.0404433394606014
2006,Bedrock and Colluvium,Low Shrub:All,Shrub in-filling [Type],0.033690888112391
2006,Bedrock and Colluvium,Shrubland:All,Shrub decline [Type],0.120530780752974
2007,Bedrock and Colluvium,Low Shrub:All,Shrub in-filling [Type],0.0509073782091015
2007,Bedrock and Colluvium,Shrubland:All,Shrub decline [Type],0.0648349937024668
2008,Bedrock and Colluvium,Low Shrub:All,Shrub in-filling [Type],0.0232176256799911
2008,Bedrock and Colluvium,Shrubland:All,Shrub decline [Type],0.0841553199227918
2009,Bedrock and Colluvium,Low Shrub:All,Shrub in-filling [Type],0.0165599793934259
2009,Bedrock and Colluvium,Shrubland:All,Shrub decline [Type],0.0636695365003432
2010,Bedrock and Colluvium,Low Shrub:All,Shrub in-filling [Type],0.0237201004127104
2010,Bedrock and Colluvium,Shrubland:All,Shrub decline [Type],0.0404813805419494
2011,Bedrock and Colluvium,Low Shrub:All,Shrub in-filling [Type],0.0120875099335165
2011,Bedrock and Colluvium,Shrubland:All,Shrub decline [Type],0.0622125771471619
2013,Bedrock and Colluvium,Low Shrub:All,Shrub in-filling [Type],0.0169355206168738
2013,Bedrock and Colluvium,Shrubland:All,Shrub decline [Type],0.0296003942003607
2014,Bedrock and Colluvium,Low Shrub:All,Shrub in-filling [Type],0.016337227506512
2014,Bedrock and Colluvium,Shrubland:All,Shrub decline [Type],0.0218960713336797
2015,Bedrock and Colluvium,Low Shrub:All,Shrub in-filling [Type],0.0131738860808027
2015,Bedrock and Colluvium,Shrubland:All,Shrub decline [Type],0.0144219754191341
2016,Bedrock and Colluvium,Low Shrub:All,Shrub in-filling [Type],0.00131439349412555
2016,Bedrock and Colluvium,Shrubland:All,Shrub decline [Type],0.00199174421791733
2017,Bedrock and Colluvium,Low Shrub:All,Shrub in-filling [Type],6.9930398434584e-4
2017,Bedrock and Colluvium,Shrubland:All,Shrub decline [Type],8.69822534147312e-4
2018,Bedrock and Colluvium,Low Shrub:All,Shrub in-filling [Type],0.00214681305879009
2018,Bedrock and Colluvium,Shrubland:All,Shrub decline [Type],0.00422053113209973
2019,Bedrock and Colluvium,Low Shrub:All,Shrub in-filling [Type],0.00925949417420027
2019,Bedrock and Colluvium,Shrubland:All,Shrub decline [Type],0.0104133435480739
2020,Bedrock and Colluvium,Low Shrub:All,Shrub in-filling [Type],0.0175472601914733
2020,Bedrock and Colluvium,Shrubland:All,Shrub decline [Type],0.0313222958619486
1986,Gypsic,Low Shrub:All,Shrub in-filling [Type],0.0111636858475894
1986,Gypsic,Shrubland:All,Shrub decline [Type],0.26367890163208
1987,Gypsic,Low Shrub:All,Shrub in-filling [Type],0.0199000198547035
1987,Gypsic,Shrubland:All,Shrub decline [Type],0.206261059150657
1988,Gypsic,Low Shrub:All,Shrub in-filling [Type],0.00785912638047272
1988,Gypsic,Shrubland:All,Shrub decline [Type],0.38839083403936703
1989,Gypsic,Low Shrub:All,Shrub in-filling [Type],0.00454188809266803
1989,Gypsic,Shrubland:All,Shrub decline [Type],0.309806067774767
1990,Gypsic,Low Shrub:All,Shrub in-filling [Type],0.00697702227863937
1990,Gypsic,Shrubland:All,Shrub decline [Type],0.227908476385306
1991,Gypsic,Low Shrub:All,Shrub in-filling [Type],0.0122659154303816
1991,Gypsic,Shrubland:All,Shrub decline [Type],0.208220647472984
1992,Gypsic,Low Shrub:All,Shrub in-filling [Type],0.033277509845372
1992,Gypsic,Shrubland:All,Shrub decline [Type],0.132819649868627
1993,Gypsic,Low Shrub:All,Shrub in-filling [Type],0.010588933109431
1993,Gypsic,Shrubland:All,Shrub decline [Type],0.438376316434693
1994,Gypsic,Low Shrub:All,Shrub in-filling [Type],0.00752630095810633
1994,Gypsic,Shrubland:All,Shrub decline [Type],0.327743087952662
1995,Gypsic,Low Shrub:All,Shrub in-filling [Type],0.0111156882052197
1995,Gypsic,Shrubland:All,Shrub decline [Type],0.142163171697036
1996,Gypsic,Low Shrub:All,Shrub in-filling [Type],0.00608199849849438
1996,Gypsic,Shrubland:All,Shrub decline [Type],0.258359260145646
1997,Gypsic,Low Shrub:All,Shrub in-filling [Type],0.00665029142545359
1997,Gypsic,Shrubland:All,Shrub decline [Type],0.146418024290548
1998,Gypsic,Low Shrub:All,Shrub in-filling [Type],0.00444602997352522
1998,Gypsic,Shrubland:All,Shrub decline [Type],0.119877059021275
1999,Gypsic,Low Shrub:All,Shrub in-filling [Type],0.00376090582184451
1999,Gypsic,Shrubland:All,Shrub decline [Type],0.0935482304966261
2000,Gypsic,Low Shrub:All,Shrub in-filling [Type],0.00374815581185118
2000,Gypsic,Shrubland:All,Shrub decline [Type],0.0999737601679349
2001,Gypsic,Low Shrub:All,Shrub in-filling [Type],0.00421415169833572
2001,Gypsic,Shrubland:All,Shrub decline [Type],0.105873018982506
2002,Gypsic,Low Shrub:All,Shrub in-filling [Type],0.00253752193833012
2002,Gypsic,Shrubland:All,Shrub decline [Type],0.1571033156004
2003,Gypsic,Low Shrub:All,Shrub in-filling [Type],0.00495561268678763
2003,Gypsic,Shrubland:All,Shrub decline [Type],0.109758609102832
2004,Gypsic,Low Shrub:All,Shrub in-filling [Type],0.00426110822603464
2004,Gypsic,Shrubland:All,Shrub decline [Type],0.152843890803074
2005,Gypsic,Low Shrub:All,Shrub in-filling [Type],0.00703482108768377
2005,Gypsic,Shrubland:All,Shrub decline [Type],0.291909183809481
2006,Gypsic,Low Shrub:All,Shrub in-filling [Type],0.00624163017567658
2006,Gypsic,Shrubland:All,Shrub decline [Type],0.148608126343146
2007,Gypsic,Low Shrub:All,Shrub in-filling [Type],0.010265156911759
2007,Gypsic,Shrubland:All,Shrub decline [Type],0.206419426579311
2008,Gypsic,Low Shrub:All,Shrub in-filling [Type],0.0113541426158389
2008,Gypsic,Shrubland:All,Shrub decline [Type],0.229214319328467
2009,Gypsic,Low Shrub:All,Shrub in-filling [Type],0.00524769198376435
2009,Gypsic,Shrubland:All,Shrub decline [Type],0.0926780181131624
2010,Gypsic,Low Shrub:All,Shrub in-filling [Type],0.00425111148206775
2010,Gypsic,Shrubland:All,Shrub decline [Type],0.0879704345999217
2011,Gypsic,Low Shrub:All,Shrub in-filling [Type],0.00442377263376035
2011,Gypsic,Shrubland:All,Shrub decline [Type],0.125186653017909
2013,Gypsic,Low Shrub:All,Shrub in-filling [Type],0.00445667984575585
2013,Gypsic,Shrubland:All,Shrub decline [Type],0.0984941918829772
2014,Gypsic,Low Shrub:All,Shrub in-filling [Type],0.00660675903348671
2014,Gypsic,Shrubland:All,Shrub decline [Type],0.0508769606266437
2015,Gypsic,Low Shrub:All,Shrub in-filling [Type],0.00529867030117418
2015,Gypsic,Shrubland:All,Shrub decline [Type],0.0271729396412763
2016,Gypsic,Low Shrub:All,Shrub in-filling [Type],5.84037258824075e-4
2016,Gypsic,Shrubland:All,Shrub decline [Type],0.00410674399467064
2017,Gypsic,Low Shrub:All,Shrub in-filling [Type],2.85040155622476e-4
2017,Gypsic,Shrubland:All,Shrub decline [Type],0.0122748063100905
2018,Gypsic,Low Shrub:All,Shrub in-filling [Type],7.50477603474853e-4
2018,Gypsic,Shrubland:All,Shrub decline [Type],0.0332101298335187
2019,Gypsic,Low Shrub:All,Shrub in-filling [Type],0.001384374151443
2019,Gypsic,Shrubland:All,Shrub decline [Type],0.039331892254066
2020,Gypsic,Low Shrub:All,Shrub in-filling [Type],0.00438962694249718
2020,Gypsic,Shrubland:All,Shrub decline [Type],0.0575238371811626
1986,Bottomland,Low Shrub:All,Shrub in-filling [Type],0.0351217201915617
1986,Bottomland,Shrubland:All,Shrub decline [Type],0.197276248557772
1987,Bottomland,Low Shrub:All,Shrub in-filling [Type],0.0549594714172517
1987,Bottomland,Shrubland:All,Shrub decline [Type],0.197749917716406
1988,Bottomland,Low Shrub:All,Shrub in-filling [Type],0.0175995734570557
1988,Bottomland,Shrubland:All,Shrub decline [Type],0.358180909200614
1989,Bottomland,Low Shrub:All,Shrub in-filling [Type],0.0131928758768645
1989,Bottomland,Shrubland:All,Shrub decline [Type],0.316339640270965
1990,Bottomland,Low Shrub:All,Shrub in-filling [Type],0.0232181141598659
1990,Bottomland,Shrubland:All,Shrub decline [Type],0.161826958782027
1991,Bottomland,Low Shrub:All,Shrub in-filling [Type],0.0324472272703862
1991,Bottomland,Shrubland:All,Shrub decline [Type],0.18125
1992,Bottomland,Low Shrub:All,Shrub in-filling [Type],0.0804453382159619
1992,Bottomland,Shrubland:All,Shrub decline [Type],0.109078824282409
1993,Bottomland,Low Shrub:All,Shrub in-filling [Type],0.0253671688534734
1993,Bottomland,Shrubland:All,Shrub decline [Type],0.393513811719273
1994,Bottomland,Low Shrub:All,Shrub in-filling [Type],0.0180228658536585
1994,Bottomland,Shrubland:All,Shrub decline [Type],0.406590094405632
1995,Bottomland,Low Shrub:All,Shrub in-filling [Type],0.0352103609676116
1995,Bottomland,Shrubland:All,Shrub decline [Type],0.183173875937654
1996,Bottomland,Low Shrub:All,Shrub in-filling [Type],0.0134154311857177
1996,Bottomland,Shrubland:All,Shrub decline [Type],0.313711725739958
1997,Bottomland,Low Shrub:All,Shrub in-filling [Type],0.015851144241148
1997,Bottomland,Shrubland:All,Shrub decline [Type],0.16667995725746
1998,Bottomland,Low Shrub:All,Shrub in-filling [Type],0.0098454665823721
1998,Bottomland,Shrubland:All,Shrub decline [Type],0.180805130484475
1999,Bottomland,Low Shrub:All,Shrub in-filling [Type],0.00957125532066678
1999,Bottomland,Shrubland:All,Shrub decline [Type],0.125143907761568
2000,Bottomland,Low Shrub:All,Shrub in-filling [Type],0.00984574599885959
2000,Bottomland,Shrubland:All,Shrub decline [Type],0.106035490569001
2001,Bottomland,Low Shrub:All,Shrub in-filling [Type],0.0140162482109937
2001,Bottomland,Shrubland:All,Shrub decline [Type],0.08096283871414
2002,Bottomland,Low Shrub:All,Shrub in-filling [Type],0.00563119562563931
2002,Bottomland,Shrubland:All,Shrub decline [Type],0.171944471100022
2003,Bottomland,Low Shrub:All,Shrub in-filling [Type],0.00918568508641438
2003,Bottomland,Shrubland:All,Shrub decline [Type],0.133735590778098
2004,Bottomland,Low Shrub:All,Shrub in-filling [Type],0.00834968205864167
2004,Bottomland,Shrubland:All,Shrub decline [Type],0.185584521084115
2005,Bottomland,Low Shrub:All,Shrub in-filling [Type],0.0226722336942226
2005,Bottomland,Shrubland:All,Shrub decline [Type],0.247793865228893
2006,Bottomland,Low Shrub:All,Shrub in-filling [Type],0.0143344367996139
2006,Bottomland,Shrubland:All,Shrub decline [Type],0.236309192467896
2007,Bottomland,Low Shrub:All,Shrub in-filling [Type],0.0363678445612052
2007,Bottomland,Shrubland:All,Shrub decline [Type],0.179494473342003
2008,Bottomland,Low Shrub:All,Shrub in-filling [Type],0.0346082985869307
2008,Bottomland,Shrubland:All,Shrub decline [Type],0.260054200542005
2009,Bottomland,Low Shrub:All,Shrub in-filling [Type],0.0167710019329849
2009,Bottomland,Shrubland:All,Shrub decline [Type],0.127203129600808
2010,Bottomland,Low Shrub:All,Shrub in-filling [Type],0.0101955764820614
2010,Bottomland,Shrubland:All,Shrub decline [Type],0.130181382428237
2011,Bottomland,Low Shrub:All,Shrub in-filling [Type],0.00808503583970458
2011,Bottomland,Shrubland:All,Shrub decline [Type],0.149730043788173
2013,Bottomland,Low Shrub:All,Shrub in-filling [Type],0.00818469722104166
2013,Bottomland,Shrubland:All,Shrub decline [Type],0.060781431808439
2014,Bottomland,Low Shrub:All,Shrub in-filling [Type],0.0143946224094893
2014,Bottomland,Shrubland:All,Shrub decline [Type],0.0410377853385093
2015,Bottomland,Low Shrub:All,Shrub in-filling [Type],0.0083470821686272
2015,Bottomland,Shrubland:All,Shrub decline [Type],0.030094454060979402
2016,Bottomland,Low Shrub:All,Shrub in-filling [Type],4.76457795745845e-4
2016,Bottomland,Shrubland:All,Shrub decline [Type],0.00525229297865113
2017,Bottomland,Low Shrub:All,Shrub in-filling [Type],0.001364250040125
2017,Bottomland,Shrubland:All,Shrub decline [Type],0.00813720744646058
2018,Bottomland,Low Shrub:All,Shrub in-filling [Type],0.00213811600537044
2018,Bottomland,Shrubland:All,Shrub decline [Type],0.0303322727035627
2019,Bottomland,Low Shrub:All,Shrub in-filling [Type],0.00420940380810731
2019,Bottomland,Shrubland:All,Shrub decline [Type],0.0417998362344489
2020,Bottomland,Low Shrub:All,Shrub in-filling [Type],0.0164993906651453
2020,Bottomland,Shrubland:All,Shrub decline [Type],0.0474133921571233
