"year","State","soil","pixels","Area_sqkm","SoilName"
1985,"1",3,10648,9.5832,"Loamy-Clayey"
1985,"1",4,25700,23.13,"Gravelly and Calcic"
1985,"1",5,9469,8.5221,"Bedrock and Colluvium"
1985,"1",6,1122,1.0098,"Gypsic"
1985,"1",7,2194,1.9746,"Bottomland"
1985,"1",8,57102,51.3918,"Sandy and Deep Sand"
1985,"2",3,124852,112.3668,"Loamy-Clayey"
1985,"2",4,757486,681.7374,"Gravelly and Calcic"
1985,"2",5,323889,291.5001,"Bedrock and Colluvium"
1985,"2",6,15419,13.8771,"Gypsic"
1985,"2",7,31836,28.6524,"Bottomland"
1985,"2",8,1751220,1576.098,"Sandy and Deep Sand"
1985,"3",3,15337,13.8033,"Loamy-Clayey"
1985,"3",4,335135,301.6215,"Gravelly and Calcic"
1985,"3",5,317993,286.1937,"Bedrock and Colluvium"
1985,"3",6,3654,3.2886,"Gypsic"
1985,"3",7,9875,8.8875,"Bottomland"
1985,"3",8,323526,291.1734,"Sandy and Deep Sand"
1986,"1",3,10326,9.2934,"Loamy-Clayey"
1986,"1",4,29658,26.6922,"Gravelly and Calcic"
1986,"1",5,10993,9.8937,"Bedrock and Colluvium"
1986,"1",6,1139,1.0251,"Gypsic"
1986,"1",7,2362,2.1258,"Bottomland"
1986,"1",8,58497,52.6473,"Sandy and Deep Sand"
1986,"2",3,128147,115.3323,"Loamy-Clayey"
1986,"2",4,789076,710.1684,"Gravelly and Calcic"
1986,"2",5,367621,330.8589,"Bedrock and Colluvium"
1986,"2",6,15724,14.1516,"Gypsic"
1986,"2",7,32689,29.4201,"Bottomland"
1986,"2",8,1753669,1578.3021,"Sandy and Deep Sand"
1986,"3",3,12364,11.1276,"Loamy-Clayey"
1986,"3",4,299587,269.6283,"Gravelly and Calcic"
1986,"3",5,272737,245.4633,"Bedrock and Colluvium"
1986,"3",6,3332,2.9988,"Gypsic"
1986,"3",7,8854,7.9686,"Bottomland"
1986,"3",8,319682,287.7138,"Sandy and Deep Sand"
1987,"1",3,6828,6.1452,"Loamy-Clayey"
1987,"1",4,25160,22.644,"Gravelly and Calcic"
1987,"1",5,9632,8.6688,"Bedrock and Colluvium"
1987,"1",6,772,0.6948,"Gypsic"
1987,"1",7,1614,1.4526,"Bottomland"
1987,"1",8,40824,36.7416,"Sandy and Deep Sand"
1987,"2",3,128732,115.8588,"Loamy-Clayey"
1987,"2",4,786525,707.8725,"Gravelly and Calcic"
1987,"2",5,368355,331.5195,"Bedrock and Colluvium"
1987,"2",6,15902,14.3118,"Gypsic"
1987,"2",7,32220,28.998,"Bottomland"
1987,"2",8,1774164,1596.7476,"Sandy and Deep Sand"
1987,"3",3,15277,13.7493,"Loamy-Clayey"
1987,"3",4,306636,275.9724,"Gravelly and Calcic"
1987,"3",5,273364,246.0276,"Bedrock and Colluvium"
1987,"3",6,3521,3.1689,"Gypsic"
1987,"3",7,10071,9.0639,"Bottomland"
1987,"3",8,316860,285.174,"Sandy and Deep Sand"
1988,"1",3,5511,4.9599,"Loamy-Clayey"
1988,"1",4,21557,19.4013,"Gravelly and Calcic"
1988,"1",5,8229,7.4061,"Bedrock and Colluvium"
1988,"1",6,497,0.4473,"Gypsic"
1988,"1",7,887,0.7983,"Bottomland"
1988,"1",8,27333,24.5997,"Sandy and Deep Sand"
1988,"2",3,133037,119.7333,"Loamy-Clayey"
1988,"2",4,799166,719.2494,"Gravelly and Calcic"
1988,"2",5,378227,340.4043,"Bedrock and Colluvium"
1988,"2",6,16454,14.8086,"Gypsic"
1988,"2",7,34238,30.8142,"Bottomland"
1988,"2",8,1825125,1642.6125,"Sandy and Deep Sand"
1988,"3",3,12289,11.0601,"Loamy-Clayey"
1988,"3",4,297598,267.8382,"Gravelly and Calcic"
1988,"3",5,264895,238.4055,"Bedrock and Colluvium"
1988,"3",6,3244,2.9196,"Gypsic"
1988,"3",7,8780,7.902,"Bottomland"
1988,"3",8,279390,251.451,"Sandy and Deep Sand"
1989,"1",3,7566,6.8094,"Loamy-Clayey"
1989,"1",4,22936,20.6424,"Gravelly and Calcic"
1989,"1",5,9010,8.109,"Bedrock and Colluvium"
1989,"1",6,566,0.5094,"Gypsic"
1989,"1",7,1090,0.981,"Bottomland"
1989,"1",8,30781,27.7029,"Sandy and Deep Sand"
1989,"2",3,133504,120.1536,"Loamy-Clayey"
1989,"2",4,823875,741.4875,"Gravelly and Calcic"
1989,"2",5,384237,345.8133,"Bedrock and Colluvium"
1989,"2",6,16734,15.0606,"Gypsic"
1989,"2",7,35466,31.9194,"Bottomland"
1989,"2",8,1842428,1658.1852,"Sandy and Deep Sand"
1989,"3",3,9767,8.7903,"Loamy-Clayey"
1989,"3",4,271510,244.359,"Gravelly and Calcic"
1989,"3",5,258104,232.2936,"Bedrock and Colluvium"
1989,"3",6,2895,2.6055,"Gypsic"
1989,"3",7,7349,6.6141,"Bottomland"
1989,"3",8,258639,232.7751,"Sandy and Deep Sand"
1990,"1",3,8268,7.4412,"Loamy-Clayey"
1990,"1",4,26185,23.5665,"Gravelly and Calcic"
1990,"1",5,9522,8.5698,"Bedrock and Colluvium"
1990,"1",6,732,0.6588,"Gypsic"
1990,"1",7,1553,1.3977,"Bottomland"
1990,"1",8,38573,34.7157,"Sandy and Deep Sand"
1990,"2",3,133362,120.0258,"Loamy-Clayey"
1990,"2",4,822958,740.6622,"Gravelly and Calcic"
1990,"2",5,383698,345.3282,"Bedrock and Colluvium"
1990,"2",6,16644,14.9796,"Gypsic"
1990,"2",7,35173,31.6557,"Bottomland"
1990,"2",8,1833066,1649.7594,"Sandy and Deep Sand"
1990,"3",3,9207,8.2863,"Loamy-Clayey"
1990,"3",4,269178,242.2602,"Gravelly and Calcic"
1990,"3",5,258131,232.3179,"Bedrock and Colluvium"
1990,"3",6,2819,2.5371,"Gypsic"
1990,"3",7,7179,6.4611,"Bottomland"
1990,"3",8,260209,234.1881,"Sandy and Deep Sand"
1991,"1",3,7209,6.4881,"Loamy-Clayey"
1991,"1",4,24309,21.8781,"Gravelly and Calcic"
1991,"1",5,8762,7.8858,"Bedrock and Colluvium"
1991,"1",6,709,0.6381,"Gypsic"
1991,"1",7,1496,1.3464,"Bottomland"
1991,"1",8,40064,36.0576,"Sandy and Deep Sand"
1991,"2",3,132796,119.5164,"Loamy-Clayey"
1991,"2",4,805507,724.9563,"Gravelly and Calcic"
1991,"2",5,376875,339.1875,"Bedrock and Colluvium"
1991,"2",6,16383,14.7447,"Gypsic"
1991,"2",7,34179,30.7611,"Bottomland"
1991,"2",8,1794071,1614.6639,"Sandy and Deep Sand"
1991,"3",3,10832,9.7488,"Loamy-Clayey"
1991,"3",4,288505,259.6545,"Gravelly and Calcic"
1991,"3",5,265714,239.1426,"Bedrock and Colluvium"
1991,"3",6,3103,2.7927,"Gypsic"
1991,"3",7,8230,7.407,"Bottomland"
1991,"3",8,297713,267.9417,"Sandy and Deep Sand"
1992,"1",3,7853,7.0677,"Loamy-Clayey"
1992,"1",4,20051,18.0459,"Gravelly and Calcic"
1992,"1",5,8712,7.8408,"Bedrock and Colluvium"
1992,"1",6,687,0.6183,"Gypsic"
1992,"1",7,1373,1.2357,"Bottomland"
1992,"1",8,38242,34.4178,"Sandy and Deep Sand"
1992,"2",3,128880,115.992,"Loamy-Clayey"
1992,"2",4,772193,694.9737,"Gravelly and Calcic"
1992,"2",5,355234,319.7106,"Bedrock and Colluvium"
1992,"2",6,15673,14.1057,"Gypsic"
1992,"2",7,32281,29.0529,"Bottomland"
1992,"2",8,1751008,1575.9072,"Sandy and Deep Sand"
1992,"3",3,14104,12.6936,"Loamy-Clayey"
1992,"3",4,326077,293.4693,"Gravelly and Calcic"
1992,"3",5,287405,258.6645,"Bedrock and Colluvium"
1992,"3",6,3835,3.4515,"Gypsic"
1992,"3",7,10251,9.2259,"Bottomland"
1992,"3",8,342598,308.3382,"Sandy and Deep Sand"
1993,"1",3,8507,7.6563,"Loamy-Clayey"
1993,"1",4,24733,22.2597,"Gravelly and Calcic"
1993,"1",5,10085,9.0765,"Bedrock and Colluvium"
1993,"1",6,786,0.7074,"Gypsic"
1993,"1",7,1693,1.5237,"Bottomland"
1993,"1",8,42709,38.4381,"Sandy and Deep Sand"
1993,"2",3,131788,118.6092,"Loamy-Clayey"
1993,"2",4,782753,704.4777,"Gravelly and Calcic"
1993,"2",5,358631,322.7679,"Bedrock and Colluvium"
1993,"2",6,15867,14.2803,"Gypsic"
1993,"2",7,33160,29.844,"Bottomland"
1993,"2",8,1748946,1574.0514,"Sandy and Deep Sand"
1993,"3",3,10542,9.4878,"Loamy-Clayey"
1993,"3",4,310835,279.7515,"Gravelly and Calcic"
1993,"3",5,282635,254.3715,"Bedrock and Colluvium"
1993,"3",6,3542,3.1878,"Gypsic"
1993,"3",7,9052,8.1468,"Bottomland"
1993,"3",8,340193,306.1737,"Sandy and Deep Sand"
1994,"1",3,11603,10.4427,"Loamy-Clayey"
1994,"1",4,28889,26.0001,"Gravelly and Calcic"
1994,"1",5,10985,9.8865,"Bedrock and Colluvium"
1994,"1",6,1063,0.9567,"Gypsic"
1994,"1",7,2227,2.0043,"Bottomland"
1994,"1",8,58315,52.4835,"Sandy and Deep Sand"
1994,"2",3,130666,117.5994,"Loamy-Clayey"
1994,"2",4,817794,736.0146,"Gravelly and Calcic"
1994,"2",5,381067,342.9603,"Bedrock and Colluvium"
1994,"2",6,16074,14.4666,"Gypsic"
1994,"2",7,34498,31.0482,"Bottomland"
1994,"2",8,1760261,1584.2349,"Sandy and Deep Sand"
1994,"3",3,8568,7.7112,"Loamy-Clayey"
1994,"3",4,271638,244.4742,"Gravelly and Calcic"
1994,"3",5,259299,233.3691,"Bedrock and Colluvium"
1994,"3",6,3058,2.7522,"Gypsic"
1994,"3",7,7180,6.462,"Bottomland"
1994,"3",8,313272,281.9448,"Sandy and Deep Sand"
1995,"1",3,12458,11.2122,"Loamy-Clayey"
1995,"1",4,27549,24.7941,"Gravelly and Calcic"
1995,"1",5,10580,9.522,"Bedrock and Colluvium"
1995,"1",6,1100,0.99,"Gypsic"
1995,"1",7,2175,1.9575,"Bottomland"
1995,"1",8,61518,55.3662,"Sandy and Deep Sand"
1995,"2",3,129606,116.6454,"Loamy-Clayey"
1995,"2",4,797467,717.7203,"Gravelly and Calcic"
1995,"2",5,357367,321.6303,"Bedrock and Colluvium"
1995,"2",6,15954,14.3586,"Gypsic"
1995,"2",7,34335,30.9015,"Bottomland"
1995,"2",8,1738234,1564.4106,"Sandy and Deep Sand"
1995,"3",3,8773,7.8957,"Loamy-Clayey"
1995,"3",4,293305,263.9745,"Gravelly and Calcic"
1995,"3",5,283404,255.0636,"Bedrock and Colluvium"
1995,"3",6,3141,2.8269,"Gypsic"
1995,"3",7,7395,6.6555,"Bottomland"
1995,"3",8,332096,298.8864,"Sandy and Deep Sand"
1996,"1",3,12866,11.5794,"Loamy-Clayey"
1996,"1",4,30371,27.3339,"Gravelly and Calcic"
1996,"1",5,10437,9.3933,"Bedrock and Colluvium"
1996,"1",6,1243,1.1187,"Gypsic"
1996,"1",7,2548,2.2932,"Bottomland"
1996,"1",8,64835,58.3515,"Sandy and Deep Sand"
1996,"2",3,127986,115.1874,"Loamy-Clayey"
1996,"2",4,805950,725.355,"Gravelly and Calcic"
1996,"2",5,376865,339.1785,"Bedrock and Colluvium"
1996,"2",6,15780,14.202,"Gypsic"
1996,"2",7,33825,30.4425,"Bottomland"
1996,"2",8,1724222,1551.7998,"Sandy and Deep Sand"
1996,"3",3,9985,8.9865,"Loamy-Clayey"
1996,"3",4,282000,253.8,"Gravelly and Calcic"
1996,"3",5,264049,237.6441,"Bedrock and Colluvium"
1996,"3",6,3172,2.8548,"Gypsic"
1996,"3",7,7532,6.7788,"Bottomland"
1996,"3",8,342791,308.5119,"Sandy and Deep Sand"
1997,"1",3,12429,11.1861,"Loamy-Clayey"
1997,"1",4,31518,28.3662,"Gravelly and Calcic"
1997,"1",5,10771,9.6939,"Bedrock and Colluvium"
1997,"1",6,1231,1.1079,"Gypsic"
1997,"1",7,2521,2.2689,"Bottomland"
1997,"1",8,63370,57.033,"Sandy and Deep Sand"
1997,"2",3,128352,115.5168,"Loamy-Clayey"
1997,"2",4,804083,723.6747,"Gravelly and Calcic"
1997,"2",5,372118,334.9062,"Bedrock and Colluvium"
1997,"2",6,15854,14.2686,"Gypsic"
1997,"2",7,33365,30.0285,"Bottomland"
1997,"2",8,1755626,1580.0634,"Sandy and Deep Sand"
1997,"3",3,10056,9.0504,"Loamy-Clayey"
1997,"3",4,282720,254.448,"Gravelly and Calcic"
1997,"3",5,268462,241.6158,"Bedrock and Colluvium"
1997,"3",6,3110,2.799,"Gypsic"
1997,"3",7,8019,7.2171,"Bottomland"
1997,"3",8,312852,281.5668,"Sandy and Deep Sand"
1998,"1",3,13294,11.9646,"Loamy-Clayey"
1998,"1",4,32276,29.0484,"Gravelly and Calcic"
1998,"1",5,10929,9.8361,"Bedrock and Colluvium"
1998,"1",6,1344,1.2096,"Gypsic"
1998,"1",7,2945,2.6505,"Bottomland"
1998,"1",8,70637,63.5733,"Sandy and Deep Sand"
1998,"2",3,127773,114.9957,"Loamy-Clayey"
1998,"2",4,831397,748.2573,"Gravelly and Calcic"
1998,"2",5,377958,340.1622,"Bedrock and Colluvium"
1998,"2",6,16009,14.4081,"Gypsic"
1998,"2",7,33540,30.186,"Bottomland"
1998,"2",8,1756589,1580.9301,"Sandy and Deep Sand"
1998,"3",3,9770,8.793,"Loamy-Clayey"
1998,"3",4,254648,229.1832,"Gravelly and Calcic"
1998,"3",5,262464,236.2176,"Bedrock and Colluvium"
1998,"3",6,2842,2.5578,"Gypsic"
1998,"3",7,7420,6.678,"Bottomland"
1998,"3",8,304622,274.1598,"Sandy and Deep Sand"
1999,"1",3,13345,12.0105,"Loamy-Clayey"
1999,"1",4,35497,31.9473,"Gravelly and Calcic"
1999,"1",5,12412,11.1708,"Bedrock and Colluvium"
1999,"1",6,1378,1.2402,"Gypsic"
1999,"1",7,2812,2.5308,"Bottomland"
1999,"1",8,72380,65.142,"Sandy and Deep Sand"
1999,"2",3,127215,114.4935,"Loamy-Clayey"
1999,"2",4,807582,726.8238,"Gravelly and Calcic"
1999,"2",5,383596,345.2364,"Bedrock and Colluvium"
1999,"2",6,15705,14.1345,"Gypsic"
1999,"2",7,33516,30.1644,"Bottomland"
1999,"2",8,1728535,1555.6815,"Sandy and Deep Sand"
1999,"3",3,10277,9.2493,"Loamy-Clayey"
1999,"3",4,275242,247.7178,"Gravelly and Calcic"
1999,"3",5,255343,229.8087,"Bedrock and Colluvium"
1999,"3",6,3112,2.8008,"Gypsic"
1999,"3",7,7577,6.8193,"Bottomland"
1999,"3",8,330933,297.8397,"Sandy and Deep Sand"
2000,"1",3,11647,10.4823,"Loamy-Clayey"
2000,"1",4,32694,29.4246,"Gravelly and Calcic"
2000,"1",5,10424,9.3816,"Bedrock and Colluvium"
2000,"1",6,1183,1.0647,"Gypsic"
2000,"1",7,2413,2.1717,"Bottomland"
2000,"1",8,65148,58.6332,"Sandy and Deep Sand"
2000,"2",3,128416,115.5744,"Loamy-Clayey"
2000,"2",4,806189,725.5701,"Gravelly and Calcic"
2000,"2",5,384506,346.0554,"Bedrock and Colluvium"
2000,"2",6,15827,14.2443,"Gypsic"
2000,"2",7,33719,30.3471,"Bottomland"
2000,"2",8,1729085,1556.1765,"Sandy and Deep Sand"
2000,"3",3,10774,9.6966,"Loamy-Clayey"
2000,"3",4,279438,251.4942,"Gravelly and Calcic"
2000,"3",5,256421,230.7789,"Bedrock and Colluvium"
2000,"3",6,3185,2.8665,"Gypsic"
2000,"3",7,7773,6.9957,"Bottomland"
2000,"3",8,337615,303.8535,"Sandy and Deep Sand"
2001,"1",3,11674,10.5066,"Loamy-Clayey"
2001,"1",4,32494,29.2446,"Gravelly and Calcic"
2001,"1",5,10598,9.5382,"Bedrock and Colluvium"
2001,"1",6,1170,1.053,"Gypsic"
2001,"1",7,2179,1.9611,"Bottomland"
2001,"1",8,60973,54.8757,"Sandy and Deep Sand"
2001,"2",3,129301,116.3709,"Loamy-Clayey"
2001,"2",4,810632,729.5688,"Gravelly and Calcic"
2001,"2",5,388942,350.0478,"Bedrock and Colluvium"
2001,"2",6,15883,14.2947,"Gypsic"
2001,"2",7,33943,30.5487,"Bottomland"
2001,"2",8,1738986,1565.0874,"Sandy and Deep Sand"
2001,"3",3,9862,8.8758,"Loamy-Clayey"
2001,"3",4,275195,247.6755,"Gravelly and Calcic"
2001,"3",5,251811,226.6299,"Bedrock and Colluvium"
2001,"3",6,3142,2.8278,"Gypsic"
2001,"3",7,7783,7.0047,"Bottomland"
2001,"3",8,331889,298.7001,"Sandy and Deep Sand"
2002,"1",3,14479,13.0311,"Loamy-Clayey"
2002,"1",4,35477,31.9293,"Gravelly and Calcic"
2002,"1",5,11372,10.2348,"Bedrock and Colluvium"
2002,"1",6,1375,1.2375,"Gypsic"
2002,"1",7,2833,2.5497,"Bottomland"
2002,"1",8,70359,63.3231,"Sandy and Deep Sand"
2002,"2",3,127229,114.5061,"Loamy-Clayey"
2002,"2",4,812316,731.0844,"Gravelly and Calcic"
2002,"2",5,394310,354.879,"Bedrock and Colluvium"
2002,"2",6,15719,14.1471,"Gypsic"
2002,"2",7,33461,30.1149,"Bottomland"
2002,"2",8,1739544,1565.5896,"Sandy and Deep Sand"
2002,"3",3,9129,8.2161,"Loamy-Clayey"
2002,"3",4,270528,243.4752,"Gravelly and Calcic"
2002,"3",5,245669,221.1021,"Bedrock and Colluvium"
2002,"3",6,3101,2.7909,"Gypsic"
2002,"3",7,7611,6.8499,"Bottomland"
2002,"3",8,321945,289.7505,"Sandy and Deep Sand"
2003,"1",3,17341,15.6069,"Loamy-Clayey"
2003,"1",4,37875,34.0875,"Gravelly and Calcic"
2003,"1",5,12594,11.3346,"Bedrock and Colluvium"
2003,"1",6,1539,1.3851,"Gypsic"
2003,"1",7,3231,2.9079,"Bottomland"
2003,"1",8,78995,71.0955,"Sandy and Deep Sand"
2003,"2",3,126277,113.6493,"Loamy-Clayey"
2003,"2",4,814007,732.6063,"Gravelly and Calcic"
2003,"2",5,396611,356.9499,"Bedrock and Colluvium"
2003,"2",6,15701,14.1309,"Gypsic"
2003,"2",7,33954,30.5586,"Bottomland"
2003,"2",8,1729636,1556.6724,"Sandy and Deep Sand"
2003,"3",3,7219,6.4971,"Loamy-Clayey"
2003,"3",4,266439,239.7951,"Gravelly and Calcic"
2003,"3",5,242146,217.9314,"Bedrock and Colluvium"
2003,"3",6,2955,2.6595,"Gypsic"
2003,"3",7,6720,6.048,"Bottomland"
2003,"3",8,323217,290.8953,"Sandy and Deep Sand"
2004,"1",3,15526,13.9734,"Loamy-Clayey"
2004,"1",4,36429,32.7861,"Gravelly and Calcic"
2004,"1",5,12111,10.8999,"Bedrock and Colluvium"
2004,"1",6,1450,1.305,"Gypsic"
2004,"1",7,3169,2.8521,"Bottomland"
2004,"1",8,73426,66.0834,"Sandy and Deep Sand"
2004,"2",3,128299,115.4691,"Loamy-Clayey"
2004,"2",4,839513,755.5617,"Gravelly and Calcic"
2004,"2",5,388596,349.7364,"Bedrock and Colluvium"
2004,"2",6,16073,14.4657,"Gypsic"
2004,"2",7,34316,30.8844,"Bottomland"
2004,"2",8,1769483,1592.5347,"Sandy and Deep Sand"
2004,"3",3,7012,6.3108,"Loamy-Clayey"
2004,"3",4,242379,218.1411,"Gravelly and Calcic"
2004,"3",5,250644,225.5796,"Bedrock and Colluvium"
2004,"3",6,2672,2.4048,"Gypsic"
2004,"3",7,6420,5.778,"Bottomland"
2004,"3",8,288939,260.0451,"Sandy and Deep Sand"
2005,"1",3,13093,11.7837,"Loamy-Clayey"
2005,"1",4,28121,25.3089,"Gravelly and Calcic"
2005,"1",5,9363,8.4267,"Bedrock and Colluvium"
2005,"1",6,1192,1.0728,"Gypsic"
2005,"1",7,2698,2.4282,"Bottomland"
2005,"1",8,61042,54.9378,"Sandy and Deep Sand"
2005,"2",3,128198,115.3782,"Loamy-Clayey"
2005,"2",4,842814,758.5326,"Gravelly and Calcic"
2005,"2",5,363105,326.7945,"Bedrock and Colluvium"
2005,"2",6,16422,14.7798,"Gypsic"
2005,"2",7,34286,30.8574,"Bottomland"
2005,"2",8,1872003,1684.8027,"Sandy and Deep Sand"
2005,"3",3,9546,8.5914,"Loamy-Clayey"
2005,"3",4,247386,222.6474,"Gravelly and Calcic"
2005,"3",5,278883,250.9947,"Bedrock and Colluvium"
2005,"3",6,2581,2.3229,"Gypsic"
2005,"3",7,6921,6.2289,"Bottomland"
2005,"3",8,198803,178.9227,"Sandy and Deep Sand"
2006,"1",3,14324,12.8916,"Loamy-Clayey"
2006,"1",4,34902,31.4118,"Gravelly and Calcic"
2006,"1",5,11284,10.1556,"Bedrock and Colluvium"
2006,"1",6,1330,1.197,"Gypsic"
2006,"1",7,2842,2.5578,"Bottomland"
2006,"1",8,68422,61.5798,"Sandy and Deep Sand"
2006,"2",3,128030,115.227,"Loamy-Clayey"
2006,"2",4,850722,765.6498,"Gravelly and Calcic"
2006,"2",5,395218,355.6962,"Bedrock and Colluvium"
2006,"2",6,16277,14.6493,"Gypsic"
2006,"2",7,33914,30.5226,"Bottomland"
2006,"2",8,1851886,1666.6974,"Sandy and Deep Sand"
2006,"3",3,8483,7.6347,"Loamy-Clayey"
2006,"3",4,232697,209.4273,"Gravelly and Calcic"
2006,"3",5,244849,220.3641,"Bedrock and Colluvium"
2006,"3",6,2588,2.3292,"Gypsic"
2006,"3",7,7149,6.4341,"Bottomland"
2006,"3",8,211540,190.386,"Sandy and Deep Sand"
2007,"1",3,7587,6.8283,"Loamy-Clayey"
2007,"1",4,30051,27.0459,"Gravelly and Calcic"
2007,"1",5,9191,8.2719,"Bedrock and Colluvium"
2007,"1",6,1013,0.9117,"Gypsic"
2007,"1",7,1947,1.7523,"Bottomland"
2007,"1",8,51183,46.0647,"Sandy and Deep Sand"
2007,"2",3,130697,117.6273,"Loamy-Clayey"
2007,"2",4,822949,740.6541,"Gravelly and Calcic"
2007,"2",5,381178,343.0602,"Bedrock and Colluvium"
2007,"2",6,16192,14.5728,"Gypsic"
2007,"2",7,33541,30.1869,"Bottomland"
2007,"2",8,1817171,1635.4539,"Sandy and Deep Sand"
2007,"3",3,12553,11.2977,"Loamy-Clayey"
2007,"3",4,265321,238.7889,"Gravelly and Calcic"
2007,"3",5,260982,234.8838,"Bedrock and Colluvium"
2007,"3",6,2990,2.691,"Gypsic"
2007,"3",7,8417,7.5753,"Bottomland"
2007,"3",8,263494,237.1446,"Sandy and Deep Sand"
2008,"1",3,11279,10.1511,"Loamy-Clayey"
2008,"1",4,33995,30.5955,"Gravelly and Calcic"
2008,"1",5,11573,10.4157,"Bedrock and Colluvium"
2008,"1",6,1287,1.1583,"Gypsic"
2008,"1",7,2580,2.322,"Bottomland"
2008,"1",8,63278,56.9502,"Sandy and Deep Sand"
2008,"2",3,131057,117.9513,"Loamy-Clayey"
2008,"2",4,811471,730.3239,"Gravelly and Calcic"
2008,"2",5,383592,345.2328,"Bedrock and Colluvium"
2008,"2",6,15995,14.3955,"Gypsic"
2008,"2",7,33151,29.8359,"Bottomland"
2008,"2",8,1783679,1605.3111,"Sandy and Deep Sand"
2008,"3",3,8501,7.6509,"Loamy-Clayey"
2008,"3",4,272855,245.5695,"Gravelly and Calcic"
2008,"3",5,256186,230.5674,"Bedrock and Colluvium"
2008,"3",6,2913,2.6217,"Gypsic"
2008,"3",7,8174,7.3566,"Bottomland"
2008,"3",8,284891,256.4019,"Sandy and Deep Sand"
2009,"1",3,12195,10.9755,"Loamy-Clayey"
2009,"1",4,36233,32.6097,"Gravelly and Calcic"
2009,"1",5,12004,10.8036,"Bedrock and Colluvium"
2009,"1",6,1398,1.2582,"Gypsic"
2009,"1",7,2851,2.5659,"Bottomland"
2009,"1",8,69936,62.9424,"Sandy and Deep Sand"
2009,"2",3,129219,116.2971,"Loamy-Clayey"
2009,"2",4,811547,730.3923,"Gravelly and Calcic"
2009,"2",5,388239,349.4151,"Bedrock and Colluvium"
2009,"2",6,15821,14.2389,"Gypsic"
2009,"2",7,32658,29.3922,"Bottomland"
2009,"2",8,1751340,1576.206,"Sandy and Deep Sand"
2009,"3",3,9423,8.4807,"Loamy-Clayey"
2009,"3",4,270541,243.4869,"Gravelly and Calcic"
2009,"3",5,251108,225.9972,"Bedrock and Colluvium"
2009,"3",6,2976,2.6784,"Gypsic"
2009,"3",7,8396,7.5564,"Bottomland"
2009,"3",8,310572,279.5148,"Sandy and Deep Sand"
2010,"1",3,11827,10.6443,"Loamy-Clayey"
2010,"1",4,37236,33.5124,"Gravelly and Calcic"
2010,"1",5,12630,11.367,"Bedrock and Colluvium"
2010,"1",6,1388,1.2492,"Gypsic"
2010,"1",7,2860,2.574,"Bottomland"
2010,"1",8,69605,62.6445,"Sandy and Deep Sand"
2010,"2",3,128296,115.4664,"Loamy-Clayey"
2010,"2",4,802411,722.1699,"Gravelly and Calcic"
2010,"2",5,385977,347.3793,"Bedrock and Colluvium"
2010,"2",6,15640,14.076,"Gypsic"
2010,"2",7,32383,29.1447,"Bottomland"
2010,"2",8,1730060,1557.054,"Sandy and Deep Sand"
2010,"3",3,10714,9.6426,"Loamy-Clayey"
2010,"3",4,278674,250.8066,"Gravelly and Calcic"
2010,"3",5,252744,227.4696,"Bedrock and Colluvium"
2010,"3",6,3167,2.8503,"Gypsic"
2010,"3",7,8662,7.7958,"Bottomland"
2010,"3",8,332183,298.9647,"Sandy and Deep Sand"
2011,"1",3,15434,13.8906,"Loamy-Clayey"
2011,"1",4,37426,33.6834,"Gravelly and Calcic"
2011,"1",5,12730,11.457,"Bedrock and Colluvium"
2011,"1",6,1469,1.3221,"Gypsic"
2011,"1",7,3076,2.7684,"Bottomland"
2011,"1",8,73498,66.1482,"Sandy and Deep Sand"
2011,"2",3,126678,114.0102,"Loamy-Clayey"
2011,"2",4,806913,726.2217,"Gravelly and Calcic"
2011,"2",5,394265,354.8385,"Bedrock and Colluvium"
2011,"2",6,15707,14.1363,"Gypsic"
2011,"2",7,32560,29.304,"Bottomland"
2011,"2",8,1728680,1555.812,"Sandy and Deep Sand"
2011,"3",3,8725,7.8525,"Loamy-Clayey"
2011,"3",4,273982,246.5838,"Gravelly and Calcic"
2011,"3",5,244356,219.9204,"Bedrock and Colluvium"
2011,"3",6,3019,2.7171,"Gypsic"
2011,"3",7,8269,7.4421,"Bottomland"
2011,"3",8,329670,296.703,"Sandy and Deep Sand"
2013,"1",3,14391,12.9519,"Loamy-Clayey"
2013,"1",4,34972,31.4748,"Gravelly and Calcic"
2013,"1",5,11647,10.4823,"Bedrock and Colluvium"
2013,"1",6,1357,1.2213,"Gypsic"
2013,"1",7,2945,2.6505,"Bottomland"
2013,"1",8,70900,63.81,"Sandy and Deep Sand"
2013,"2",3,127470,114.723,"Loamy-Clayey"
2013,"2",4,815224,733.7016,"Gravelly and Calcic"
2013,"2",5,396588,356.9292,"Bedrock and Colluvium"
2013,"2",6,15997,14.3973,"Gypsic"
2013,"2",7,33017,29.7153,"Bottomland"
2013,"2",8,1724255,1551.8295,"Sandy and Deep Sand"
2013,"3",3,8976,8.0784,"Loamy-Clayey"
2013,"3",4,268125,241.3125,"Gravelly and Calcic"
2013,"3",5,243116,218.8044,"Bedrock and Colluvium"
2013,"3",6,2841,2.5569,"Gypsic"
2013,"3",7,7943,7.1487,"Bottomland"
2013,"3",8,336693,303.0237,"Sandy and Deep Sand"
2014,"1",3,14826,13.3434,"Loamy-Clayey"
2014,"1",4,36248,32.6232,"Gravelly and Calcic"
2014,"1",5,12906,11.6154,"Bedrock and Colluvium"
2014,"1",6,1402,1.2618,"Gypsic"
2014,"1",7,3014,2.7126,"Bottomland"
2014,"1",8,73908,66.5172,"Sandy and Deep Sand"
2014,"2",3,123795,111.4155,"Loamy-Clayey"
2014,"2",4,801586,721.4274,"Gravelly and Calcic"
2014,"2",5,388685,349.8165,"Bedrock and Colluvium"
2014,"2",6,15568,14.0112,"Gypsic"
2014,"2",7,32014,28.8126,"Bottomland"
2014,"2",8,1700702,1530.6318,"Sandy and Deep Sand"
2014,"3",3,12216,10.9944,"Loamy-Clayey"
2014,"3",4,280487,252.4383,"Gravelly and Calcic"
2014,"3",5,249760,224.784,"Bedrock and Colluvium"
2014,"3",6,3225,2.9025,"Gypsic"
2014,"3",7,8877,7.9893,"Bottomland"
2014,"3",8,357238,321.5142,"Sandy and Deep Sand"
2015,"1",3,14869,13.3821,"Loamy-Clayey"
2015,"1",4,38523,34.6707,"Gravelly and Calcic"
2015,"1",5,13705,12.3345,"Bedrock and Colluvium"
2015,"1",6,1496,1.3464,"Gypsic"
2015,"1",7,3176,2.8584,"Bottomland"
2015,"1",8,80210,72.189,"Sandy and Deep Sand"
2015,"2",3,122548,110.2932,"Loamy-Clayey"
2015,"2",4,796164,716.5476,"Gravelly and Calcic"
2015,"2",5,389215,350.2935,"Bedrock and Colluvium"
2015,"2",6,15299,13.7691,"Gypsic"
2015,"2",7,31435,28.2915,"Bottomland"
2015,"2",8,1679847,1511.8623,"Sandy and Deep Sand"
2015,"3",3,13420,12.078,"Loamy-Clayey"
2015,"3",4,283634,255.2706,"Gravelly and Calcic"
2015,"3",5,248431,223.5879,"Bedrock and Colluvium"
2015,"3",6,3400,3.06,"Gypsic"
2015,"3",7,9294,8.3646,"Bottomland"
2015,"3",8,371791,334.6119,"Sandy and Deep Sand"
2016,"1",3,14964,13.4676,"Loamy-Clayey"
2016,"1",4,38645,34.7805,"Gravelly and Calcic"
2016,"1",5,13728,12.3552,"Bedrock and Colluvium"
2016,"1",6,1510,1.359,"Gypsic"
2016,"1",7,3187,2.8683,"Bottomland"
2016,"1",8,80487,72.4383,"Sandy and Deep Sand"
2016,"2",3,122029,109.8261,"Loamy-Clayey"
2016,"2",4,795876,716.2884,"Gravelly and Calcic"
2016,"2",5,389324,350.3916,"Bedrock and Colluvium"
2016,"2",6,15263,13.7367,"Gypsic"
2016,"2",7,31360,28.224,"Bottomland"
2016,"2",8,1681161,1513.0449,"Sandy and Deep Sand"
2016,"3",3,13844,12.4596,"Loamy-Clayey"
2016,"3",4,283800,255.42,"Gravelly and Calcic"
2016,"3",5,248299,223.4691,"Bedrock and Colluvium"
2016,"3",6,3422,3.0798,"Gypsic"
2016,"3",7,9358,8.4222,"Bottomland"
2016,"3",8,370200,333.18,"Sandy and Deep Sand"
2017,"1",3,15057,13.5513,"Loamy-Clayey"
2017,"1",4,38598,34.7382,"Gravelly and Calcic"
2017,"1",5,13724,12.3516,"Bedrock and Colluvium"
2017,"1",6,1513,1.3617,"Gypsic"
2017,"1",7,3178,2.8602,"Bottomland"
2017,"1",8,80279,72.2511,"Sandy and Deep Sand"
2017,"2",3,121796,109.6164,"Loamy-Clayey"
2017,"2",4,795870,716.283,"Gravelly and Calcic"
2017,"2",5,389334,350.4006,"Bedrock and Colluvium"
2017,"2",6,15252,13.7268,"Gypsic"
2017,"2",7,31343,28.2087,"Bottomland"
2017,"2",8,1681357,1513.2213,"Sandy and Deep Sand"
2017,"3",3,13984,12.5856,"Loamy-Clayey"
2017,"3",4,283853,255.4677,"Gravelly and Calcic"
2017,"3",5,248293,223.4637,"Bedrock and Colluvium"
2017,"3",6,3430,3.087,"Gypsic"
2017,"3",7,9384,8.4456,"Bottomland"
2017,"3",8,370212,333.1908,"Sandy and Deep Sand"
2018,"1",3,14826,13.3434,"Loamy-Clayey"
2018,"1",4,38282,34.4538,"Gravelly and Calcic"
2018,"1",5,13538,12.1842,"Bedrock and Colluvium"
2018,"1",6,1500,1.35,"Gypsic"
2018,"1",7,3110,2.799,"Bottomland"
2018,"1",8,78547,70.6923,"Sandy and Deep Sand"
2018,"2",3,122515,110.2635,"Loamy-Clayey"
2018,"2",4,796935,717.2415,"Gravelly and Calcic"
2018,"2",5,389718,350.7462,"Bedrock and Colluvium"
2018,"2",6,15325,13.7925,"Gypsic"
2018,"2",7,31604,28.4436,"Bottomland"
2018,"2",8,1686836,1518.1524,"Sandy and Deep Sand"
2018,"3",3,13496,12.1464,"Loamy-Clayey"
2018,"3",4,283104,254.7936,"Gravelly and Calcic"
2018,"3",5,248095,223.2855,"Bedrock and Colluvium"
2018,"3",6,3370,3.033,"Gypsic"
2018,"3",7,9191,8.2719,"Bottomland"
2018,"3",8,366465,329.8185,"Sandy and Deep Sand"
2019,"1",3,14619,13.1571,"Loamy-Clayey"
2019,"1",4,36967,33.2703,"Gravelly and Calcic"
2019,"1",5,12817,11.5353,"Bedrock and Colluvium"
2019,"1",6,1471,1.3239,"Gypsic"
2019,"1",7,3020,2.718,"Bottomland"
2019,"1",8,77178,69.4602,"Sandy and Deep Sand"
2019,"2",3,124622,112.1598,"Loamy-Clayey"
2019,"2",4,803243,722.9187,"Gravelly and Calcic"
2019,"2",5,384949,346.4541,"Bedrock and Colluvium"
2019,"2",6,15519,13.9671,"Gypsic"
2019,"2",7,32558,29.3022,"Bottomland"
2019,"2",8,1697526,1527.7734,"Sandy and Deep Sand"
2019,"3",3,11596,10.4364,"Loamy-Clayey"
2019,"3",4,278111,250.2999,"Gravelly and Calcic"
2019,"3",5,253585,228.2265,"Bedrock and Colluvium"
2019,"3",6,3205,2.8845,"Gypsic"
2019,"3",7,8327,7.4943,"Bottomland"
2019,"3",8,357144,321.4296,"Sandy and Deep Sand"
2020,"1",3,14758,13.2822,"Loamy-Clayey"
2020,"1",4,37937,34.1433,"Gravelly and Calcic"
2020,"1",5,13275,11.9475,"Bedrock and Colluvium"
2020,"1",6,1481,1.3329,"Gypsic"
2020,"1",7,3044,2.7396,"Bottomland"
2020,"1",8,77575,69.8175,"Sandy and Deep Sand"
2020,"2",3,122259,110.0331,"Loamy-Clayey"
2020,"2",4,796919,717.2271,"Gravelly and Calcic"
2020,"2",5,381017,342.9153,"Bedrock and Colluvium"
2020,"2",6,15378,13.8402,"Gypsic"
2020,"2",7,32028,28.8252,"Bottomland"
2020,"2",8,1690869,1521.7821,"Sandy and Deep Sand"
2020,"3",3,13820,12.438,"Loamy-Clayey"
2020,"3",4,283465,255.1185,"Gravelly and Calcic"
2020,"3",5,257059,231.3531,"Bedrock and Colluvium"
2020,"3",6,3336,3.0024,"Gypsic"
2020,"3",7,8833,7.9497,"Bottomland"
2020,"3",8,363404,327.0636,"Sandy and Deep Sand"
